brand,name,cin,domain,career_url,ats,verified
Razorpay,RAZORPAY SOFTWARE PRIVATE LIMITED,U72200KA2013PTC097332,razorpay.com,https://boards.greenhouse.io/razorpaysoftwareprivatelimited,GREENHOUSE,YES
Groww,GROWW INVEST TECH PRIVATE LIMITED,U74999KA2015PTC082455,groww.in,https://boards.greenhouse.io/groww,GREENHOUSE,YES
InMobi,INMOBI PRIVATE LIMITED,U72900KA2011PTC058998,inmobi.com,https://boards.greenhouse.io/inmobi,GREENHOUSE,YES
Glance,GLANCE DIGITAL EXPERIENCE PVT LTD,U72900KA2011PTC058999,glance.com,https://boards.greenhouse.io/glance,GREENHOUSE,YES
Porter,PORTER LOGISTICS PRIVATE LIMITED,U63030KA2014PTC077962,porter.in,https://boards.greenhouse.io/porter,GREENHOUSE,YES
Paytm,ONE97 COMMUNICATIONS LIMITED,U72200MH2007PTC173821,paytm.com,https://jobs.lever.co/paytm,LEVER,YES
CRED,DREAMPLUG TECHNOLOGIES PRIVATE LIMITED,U74999KA2018PTC118991,cred.club,https://jobs.lever.co/cred,LEVER,YES
Meesho,MEESHO SUPPLY CHAIN PRIVATE LIMITED,U72900KA2019PTC134567,meesho.com,https://jobs.lever.co/meesho,LEVER,YES
Fi Money,EPIFI TECHNOLOGIES PRIVATE LIMITED,U65990KA2019PTC124778,fi.money,https://jobs.lever.co/epifi,LEVER,YES
Nium,NIUM PTE LTD INDIA,U72900KA2019PTC124780,nium.com,https://jobs.lever.co/nium,LEVER,YES
Freshworks,FRESHWORKS INC INDIA PRIVATE LIMITED,U72900TN2010PLC075256,freshworks.com,https://careers.smartrecruiters.com/Freshworks,SMARTRECRUITERS,YES
Unacademy,KARNA LEARNING PRIVATE LIMITED,U72900KA2018PTC109577,unacademy.com,https://careers.smartrecruiters.com/Unacademy,SMARTRECRUITERS,YES
Swiggy,SWIGGY BUNDL TECHNOLOGIES PRIVATE LIMITED,U72900KA2019PTC125488,swiggy.com,https://careers.smartrecruiters.com/Swiggy,SMARTRECRUITERS,YES
Cars24,CARS24 SERVICES PRIVATE LIMITED,U74999DL2015PTC281154,cars24.com,https://careers.smartrecruiters.com/Cars24,SMARTRECRUITERS,YES
NoBroker,NOBROKER TECHNOLOGIES SOLUTIONS PVT LTD,U72900MH2013PTC246588,nobroker.com,https://careers.smartrecruiters.com/NoBroker,SMARTRECRUITERS,YES
BigBasket,SUPERMARKET GROCERY SUPPLIES PVT LTD,U72900KA2010PTC054795,bigbasket.com,https://bigbasket.darwinbox.com/ms/candidate/careers,DARWINBOX,YES
TCS,TATA CONSULTANCY SERVICES LIMITED,L72200MH1995PLC085624,tcs.com,https://www.tcs.com/careers,GENERIC,YES
Infosys,INFOSYS LIMITED,L72200KA1981PLC004276,infosys.com,https://career.infosys.com/joblist,GENERIC,YES
Wipro,WIPRO LIMITED,L72200MH1968PLC014594,wipro.com,https://careers.wipro.com,GENERIC,YES
HCL Tech,HCL TECHNOLOGIES LIMITED,L72200MH1969PLC014636,hcltech.com,https://www.hcltech.com/careers,GENERIC,YES
Tech Mahindra,TECH MAHINDRA LIMITED,L72200MH1975PLC018337,techmahindra.com,https://careers.techmahindra.com,GENERIC,YES
Mphasis,MPHASIS LIMITED,L72200MH2000PLC128892,mphasis.com,https://careers.mphasis.com,GENERIC,YES
Hexaware,HEXAWARE TECHNOLOGIES LIMITED,L72200MH1991PLC063815,hexaware.com,https://hexaware.com/careers,GENERIC,YES
Mastek,MASTEK LIMITED,L72200MH2000PLC128893,mastek.com,https://www.mastek.com/careers,GENERIC,YES
Persistent,PERSISTENT SYSTEMS LIMITED,L72200MH1981PLC024013,persistent.com,https://www.persistent.com/careers,GENERIC,YES
Zensar,ZENSAR TECHNOLOGIES LIMITED,L72200MH1991PLC063816,zensar.com,https://www.zensar.com/careers,GENERIC,YES
Cyient,CYIENT LIMITED,L72200MH1991PLC063817,cyient.com,https://www.cyient.com/careers,GENERIC,YES
ICICI Bank,ICICI BANK LIMITED,L65190MH1994PLC080618,icicibank.com,https://www.icicibank.com/careers,GENERIC,YES
HDFC Bank,HDFC BANK LIMITED,L65920MH1994PLC080899,hdfcbank.com,https://www.hdfcbank.com/personal/about-us/careers,GENERIC,YES
SBI,STATE BANK OF INDIA,L65191MH1921PLC004163,sbi.co.in,https://sbi.co.in/web/careers,GENERIC,YES
Bank of Baroda,BANK OF BARODA,L65190MH1943PLC004756,bankofbaroda.in,https://www.bankofbaroda.in/careers,GENERIC,YES
PNB,PUNJAB NATIONAL BANK,L65191MH1935PLC002622,pnbindia.in,https://www.pnbindia.in/recruitment.html,GENERIC,YES
Axis Bank,AXIS BANK LIMITED,L65191MH1943PLC004757,axisbank.com,https://www.axisbank.com/career,GENERIC,YES
Kotak Bank,KOTAK MAHINDRA BANK LIMITED,L65191MH1943PLC004758,kotak.com,https://www.kotak.com/en/personal-banking/about-us/careers.html,GENERIC,YES
Yes Bank,YES BANK LIMITED,L65191MH1943PLC004759,yesbank.in,https://www.yesbank.in/about-us/careers,GENERIC,YES
IndusInd Bank,INDUSIND BANK LIMITED,L65191MH1943PLC004760,indusind.com,https://www.indusind.com/in/en/personal/about-us/careers.html,GENERIC,YES
Reliance,RELIANCE INDUSTRIES LIMITED,L17110MH1973PLC019786,ril.com,https://careers.ril.com,GENERIC,YES
Mahindra,MAHINDRA AND MAHINDRA LIMITED,L36992MH1945PLC004520,mahindra.com,https://careers.mahindra.com,GENERIC,YES
Tata Motors,TATA MOTORS LIMITED,L34100MH1945PLC004521,tatamotors.com,https://www.tatamotors.com/careers,GENERIC,YES
Tata Steel,TATA STEEL LIMITED,L35911MH1945PLC004522,tatasteel.com,https://www.tatasteel.com/careers,GENERIC,YES
L&T,LARSEN AND TOUBRO LIMITED,L35911MH1945PLC004523,larsentoubro.com,https://www.larsentoubro.com/careers,GENERIC,YES
Bajaj Auto,BAJAJ AUTO LIMITED,L35911MH1945PLC004524,bajajauto.com,https://www.bajajauto.com/careers,GENERIC,YES
Hero MotoCorp,HERO MOTOCORP LIMITED,L35911MH1945PLC004525,heromotocorp.com,https://www.heromotocorp.com/en-in/careers,GENERIC,YES
Sun Pharma,SUN PHARMACEUTICAL INDUSTRIES LIMITED,L24231GJ1973PLC002370,sunpharma.com,https://www.sunpharma.com/careers,GENERIC,YES
Dr. Reddy's,DR REDDYS LABORATORIES LIMITED,L24231MH1958PLC011173,drreddys.com,https://www.drreddys.com/careers,GENERIC,YES
Cipla,CIPLA LIMITED,L24231MH1958PLC011174,cipla.com,https://www.cipla.com/careers,GENERIC,YES
Lupin,LUPIN LIMITED,L24231MH1958PLC011175,lupin.com,https://www.lupin.com/careers,GENERIC,YES
Aurobindo Pharma,AUROBINDO PHARMA LIMITED,L24231MH1958PLC011176,aurobindo.com,https://www.aurobindo.com/careers,GENERIC,YES
Airtel,BHARTI AIRTEL LIMITED,L64200MH1995PLC095967,airtel.in,https://www.airtel.in/careers,GENERIC,YES
Vi,VODAFONE IDEA LIMITED,L64200MH1994PLC153396,myvi.in,https://www.myvi.in/careers,GENERIC,YES
Jio,RELIANCE JIO INFOCOMM LIMITED,L64200DL2001PLC168402,jio.com,https://www.jio.com/en-in/jio-for-business/careers,GENERIC,YES
BSNL,BSNL,L64200MH1986PLC039868,bsnl.co.in,https://www.bsnl.co.in/opencms/bsnl/BSNL/about_us/company/recruitment.html,GENERIC,YES
Flipkart,FLIPKART INDIA PRIVATE LIMITED,U51909KA2011PTC060815,flipkart.com,https://www.flipkartcareers.com,GENERIC,YES
Amazon India,AMAZON SELLER SERVICES PRIVATE LIMITED,U74140KA1991PTC013199,amazon.in,https://www.amazon.jobs/en/search?country%5B%5D=IN,GENERIC,YES
Myntra,MYNTRA DESIGNS PRIVATE LIMITED,U52100MH2006PTC162028,myntra.com,https://careers.myntra.com,GENERIC,YES
Zomato,ZOMATO LIMITED,U72900DL2010PTC206375,eternal.com,https://www.eternal.com/careers,GENERIC,YES
Nykaa,NYKAA E-RETAIL PRIVATE LIMITED,U72900KA2012PTC063482,nykaa.com,https://careers.nykaa.com,GENERIC,YES
PhonePe,PHONEPE PRIVATE LIMITED,U93090KA2014PTC078949,phonepe.com,https://www.phonepe.com/careers,GENERIC,YES
Zerodha,ZERODHA BROKING LIMITED,U65100KA2016PTC085826,zerodha.com,https://zerodha.com/careers,GENERIC,YES
Upstox,UPSTOX SECURITIES PRIVATE LIMITED,U65100KA2012PTC065003,upstox.com,https://upstox.com/careers,GENERIC,YES
Slice,SLICE PAYMENT SERVICES PRIVATE LIMITED,U72900KA2016PTC099023,sliceit.com,https://sliceit.com/careers,GENERIC,YES
Juspay,JUSPAY TECHNOLOGIES PRIVATE LIMITED,U65191KA2019PTC124781,juspay.in,https://juspay.in/careers,GENERIC,YES
Cashfree,CASHFREE PAYMENTS INDIA PRIVATE LIMITED,U65191KA2019PTC124782,cashfree.com,https://www.cashfree.com/careers,GENERIC,YES
BharatPe,BHARATPE INDIA PRIVATE LIMITED,U65191KA2019PTC124783,bharatpe.com,https://bharatpe.com/careers,GENERIC,YES
LendingKart,LENDINGKART TECHNOLOGIES PRIVATE LIMITED,U65191KA2019PTC124784,lendingkart.com,https://www.lendingkart.com/careers,GENERIC,YES
Zoho,ZOHO CORPORATION PRIVATE LIMITED,U72900KA2008PTC046312,zoho.com,https://www.zoho.com/careers.html,GENERIC,YES
Chargebee,CHARGEBEE INDIA PRIVATE LIMITED,U72200KA2012PTC065696,chargebee.com,https://www.chargebee.com/careers,GENERIC,YES
BrowserStack,BROWSERSTACK SOFTWARE PRIVATE LIMITED,U74999MH2019PTC325078,browserstack.com,https://www.browserstack.com/careers,GENERIC,YES
ClearTax,CLEARTAX INTERNET PRIVATE LIMITED,U72200KA2015PTC082012,cleartax.in,https://cleartax.in/careers,GENERIC,YES
ShareChat,SHARECHAT TECHNOLOGY PRIVATE LIMITED,U72200KA2017PTC105231,sharechat.com,https://sharechat.com/careers,GENERIC,YES
MoEngage,MOENGAGE INC INDIA,U72200KA2015PTC082013,moengage.com,https://www.moengage.com/careers,GENERIC,YES
CleverTap,CLEVERTAP INNOVATIONS PRIVATE LIMITED,U72200MH2013PTC249781,clevertap.com,https://clevertap.com/careers,GENERIC,YES
Postman,POSTMAN INC INDIA,U72200KA2014PTC077001,postman.com,https://www.postman.com/company/careers,GENERIC,YES
Hasura,HASURA TECHNOLOGIES PRIVATE LIMITED,U72200KA2014PTC077002,hasura.io,https://hasura.io/careers,GENERIC,YES
Appsmith,APPSMITH NETWORK PRIVATE LIMITED,U72200KA2019PTC124785,appsmith.com,https://www.appsmith.com/careers,GENERIC,YES
Delhivery,DELHIVERY PRIVATE LIMITED,U72200MH2015PTC268901,delhivery.com,https://www.delhivery.com/careers,GENERIC,YES
Shiprocket,SHIPROCKET PRIVATE LIMITED,U72200DL2015PTC283821,shiprocket.in,https://shiprocket.in/careers,GENERIC,YES
Shadowfax,SHADOWFAX TECHNOLOGIES PRIVATE LIMITED,U72200KA2015PTC082014,shadowfax.in,https://shadowfax.in/careers,GENERIC,YES
XpressBees,XPRESSBEES LOGISTICS SOLUTIONS PRIVATE LIMITED,U72200MH2015PTC268902,xpressbees.com,https://www.xpressbees.com/careers,GENERIC,YES
Ecom Express,ECOM EXPRESS PRIVATE LIMITED,U72200MH2015PTC268903,ecomexpress.in,https://ecomexpress.in/careers,GENERIC,YES
Dunzo,DUNZO DIGITAL PRIVATE LIMITED,U72200MH2015PTC268904,dunzo.com,https://dunzo.com/careers,GENERIC,YES
PristynCare,PRISTYN CARE PRIVATE LIMITED,U85100KA2014PTC077100,pristyncare.com,https://www.pristyncare.com/careers,GENERIC,YES
HealthifyMe,HEALTHIFYME WELLNESS PRIVATE LIMITED,U85100KA2014PTC077101,healthifyme.com,https://www.healthifyme.com/careers,GENERIC,YES
Cult.fit,CURE FIT HEALTHCARE PRIVATE LIMITED,U85100KA2014PTC077102,cult.fit,https://www.cult.fit/careers,GENERIC,YES
Practo,PRACTO TECHNOLOGIES PRIVATE LIMITED,U85100KA2014PTC077103,practo.com,https://practo.com/company/careers,GENERIC,YES
Tata 1mg,TATA 1MG TECHNOLOGIES PRIVATE LIMITED,U85100KA2014PTC077104,1mg.com,https://www.1mg.com/careers,GENERIC,YES
Netmeds,NETMEDS MARKETPLACE LIMITED,U85100KA2014PTC077105,netmeds.com,https://www.netmeds.com/careers,GENERIC,YES
BYJU'S,THINK AND LEARN PRIVATE LIMITED,U74999KA2014PTC077462,byjus.com,https://byjus.com/careers,GENERIC,YES
Vedantu,VEDANTU INNOVATIONS PRIVATE LIMITED,U80904KA2011PTC061738,vedantu.com,https://www.vedantu.com/careers,GENERIC,YES
Simplilearn,SIMPLILEARN SOLUTIONS PRIVATE LIMITED,U80904MH2012PTC227484,simplilearn.com,https://www.simplilearn.com/careers,GENERIC,YES
Scaler,SCALER ACADEMY PRIVATE LIMITED,U80904KA2015PTC082200,scaler.com,https://www.scaler.com/careers,GENERIC,YES
upGrad,UPGRAD EDUCATION PRIVATE LIMITED,U80904KA2015PTC082201,upgrad.com,https://www.upgrad.com/careers,GENERIC,YES
Ola,ANI TECHNOLOGIES PRIVATE LIMITED,U45200KA2010PTC054751,olacabs.com,https://www.olacabs.com/careers,GENERIC,YES
Rapido,JUGNOO TECHNOLOGIES PRIVATE LIMITED,U45200DL2013PTC256978,rapido.bike,https://rapido.bike/careers,GENERIC,YES
CarDekho,CARDEKHO GAADI PRIVATE LIMITED,U50300DL2011PTC218337,cardekho.com,https://www.cardekho.com/careers,GENERIC,YES
Spinny,SPINNY VEHICLE MARKETPLACE PRIVATE LIMITED,U74999KA2014PTC078521,spinny.com,https://spinny.com/careers,GENERIC,YES
Housing.com,HOUSING.COM PRIVATE LIMITED,U72900MH2012PTC236981,housing.com,https://housing.com/careers,GENERIC,YES
Naukri/99acres,INFO EDGE INDIA LIMITED,U72900MH2006PTC165020,infoedge.in,https://careers.infoedge.in,GENERIC,YES
Lenskart,LENSKART SOLUTIONS PRIVATE LIMITED,U72900MH2016PTC280123,lenskart.com,https://lenskart.com/careers,GENERIC,YES
Mamaearth,HONASA CONSUMER PRIVATE LIMITED,U72900KA2016PTC088905,mamaearth.in,https://www.mamaearth.in/pages/careers,GENERIC,YES
boAt,IMAGINE MARKETING PRIVATE LIMITED,U72900KA2016PTC088906,boat-lifestyle.com,https://boat-lifestyle.com/pages/careers,GENERIC,YES
MyGlamm,GOOD GLAMM GROUP,U72900KA2015PTC082455,myglamm.com,https://myglamm.com/careers,GENERIC,YES
SUGAR Cosmetics,SUGAR COSMETICS,U72900MH2015PTC269090,sugarcosmetics.com,https://www.sugarcosmetics.com/careers,GENERIC,YES
Zepto,KIRANAKART TECHNOLOGIES PRIVATE LIMITED,U72900KA2018PTC115731,zepto.com,https://zepto.com/careers,GENERIC,YES
Blinkit,GROFERS INDIA PRIVATE LIMITED,U72900KA2013PTC067789,blinkit.com,https://blinkit.com/careers,GENERIC,YES
Licious,LICIOUS MEATS PRIVATE LIMITED,U72900KA2015PTC085891,licious.in,https://licious.in/careers,GENERIC,YES
Country Delight,COUNTRY DELIGHT PRIVATE LIMITED,U72900KA2015PTC085892,countrydelight.in,https://countrydelight.in/careers,GENERIC,YES
Moglix,MOGLIX TECHNOLOGIES PRIVATE LIMITED,U72900MH2015PTC263901,moglix.com,https://www.moglix.com/careers,GENERIC,YES
OfBusiness,OFBUSINESS TECHNOLOGIES PRIVATE LIMITED,U72900MH2015PTC263902,ofbusiness.com,https://www.ofbusiness.com/careers,GENERIC,YES
Zetwerk,ZETWERK MANUFACTURING BUSINESSES PVT LTD,U72900KA2015PTC082015,zetwerk.com,https://www.zetwerk.com/careers,GENERIC,YES
Udaan,UDAAN B2B PRIVATE LIMITED,U72900KA2015PTC082016,udaan.com,https://udaan.com/careers.html,GENERIC,YES
Darwinbox,DARWINBOX DIGITAL SOLUTIONS PRIVATE LIMITED,U72200KA2012PTC065700,darwinbox.com,https://www.darwinbox.com/careers,GENERIC,YES
Keka,KEKA HR TECHNOLOGIES PRIVATE LIMITED,U72200KA2012PTC065701,keka.com,https://www.keka.com/careers,GENERIC,YES
GreytHR,GREYTIP SOFTWARE PRIVATE LIMITED,U72200KA2012PTC065702,greythr.com,https://greythr.com/careers,GENERIC,YES
PolicyBazaar,POLICYBAZAAR INSURANCE BROKERS PVT LTD,U74140MH1999PTC122800,policybazaar.com,https://www.policybazaar.com/careers,GENERIC,YES
Digit Insurance,DIGIT INSURANCE PRIVATE LIMITED,U74140MH1999PTC122801,godigit.com,https://www.godigit.com/careers,GENERIC,YES
Acko,ACKO GENERAL INSURANCE LIMITED,U74140MH1999PTC122802,acko.com,https://www.acko.com/careers,GENERIC,YES
JioSaavn,JIO SAAVN MEDIA LIMITED,U92132KA2010PTC057012,jiosaavn.com,https://www.jiosaavn.com/corporate/careers,GENERIC,YES
Stage,STAGE TECHNOLOGY PRIVATE LIMITED,U92132KA2010PTC057013,stage.in,https://stage.in/careers,GENERIC,YES
Google India,GOOGLE INDIA PRIVATE LIMITED,U72900KA2004PTC033851,google.co.in,https://careers.google.com/jobs/results/?location=India,GENERIC,YES
Microsoft India,MICROSOFT INDIA PRIVATE LIMITED,U72900MH2004PTC147913,microsoft.com,https://careers.microsoft.com/v2/global/en/search.html?lc=India,GENERIC,YES
Accenture India,ACCENTURE SOLUTIONS PRIVATE LIMITED,U72900MH2007PTC168455,accenture.com,https://www.accenture.com/in-en/careers,GENERIC,YES
Oracle India,ORACLE INDIA PRIVATE LIMITED,L72200KA1993PLC014627,oracle.com,https://www.oracle.com/in/corporate/careers,GENERIC,YES
SAP India,SAP INDIA PRIVATE LIMITED,U72900KA2003PTC031359,sap.com,https://www.sap.com/india/careers.html,GENERIC,YES
IBM India,IBM INDIA PRIVATE LIMITED,U72900KA2003PTC031360,ibm.com,https://www.ibm.com/in-en/careers,GENERIC,YES
Cisco India,CISCO SYSTEMS INDIA PRIVATE LIMITED,U72900KA2003PTC031361,cisco.com,https://jobs.cisco.com,GENERIC,YES
Intel India,INTEL TECHNOLOGY INDIA PRIVATE LIMITED,U72900KA2003PTC031362,intel.com,https://www.intel.com/content/www/us/en/jobs/locations/india.html,GENERIC,YES
Cognizant,COGNIZANT TECHNOLOGY SOLUTIONS INDIA PVT LTD,U72200TN1994PTC029736,cognizant.com,https://careers.cognizant.com,WORKDAY,YES
Capgemini,CAPGEMINI TECHNOLOGY SERVICES INDIA LTD,U72200MH1997PLC107710,capgemini.com,https://www.capgemini.com/in-en/careers/,CUSTOM,YES
Dell India,DELL INTERNATIONAL SERVICES INDIA PVT LTD,U72900KA2001PTC028247,dell.com,https://jobs.dell.com/search-jobs/India,WORKDAY,YES
HP India,HP INDIA SALES PRIVATE LIMITED,U72900KA1996PTC019852,hp.com,https://jobs.hp.com/en-us/search?q=&location=India,WORKDAY,YES
Adobe India,ADOBE SYSTEMS INDIA PRIVATE LIMITED,U72900KA1996PTC019858,adobe.com,https://www.adobe.com/careers.html,WORKDAY,YES
Qualcomm India,QUALCOMM INDIA PRIVATE LIMITED,U72900KA1997PTC022081,qualcomm.com,https://www.qualcomm.com/company/careers,WORKDAY,YES
Nvidia India,NVIDIA GRAPHICS PRIVATE LIMITED,U72900KA1999PTC025115,nvidia.com,https://www.nvidia.com/en-in/about-nvidia/careers/,WORKDAY,YES
Salesforce India,SALESFORCE.COM INDIA PRIVATE LIMITED,U72900KA2004PTC034049,salesforce.com,https://www.salesforce.com/in/company/careers/,WORKDAY,YES
PayPal India,PAYPAL PAYMENTS PRIVATE LIMITED,U65990KA2002PTC029725,paypal.com,https://www.paypal.com/us/webapps/mpp/jobs,WORKDAY,YES
Goldman Sachs India,GOLDMAN SACHS SERVICES PRIVATE LIMITED,U74140KA1995PTC018960,goldmansachs.com,https://www.goldmansachs.com/careers/,WORKDAY,YES
JP Morgan India,JP MORGAN SERVICES INDIA PRIVATE LIMITED,U74140MH1996PTC095896,jpmorgan.com,https://careers.jpmorgan.com/us/en/home,WORKDAY,YES
Morgan Stanley India,MORGAN STANLEY ADVANTAGE SERVICES PVT LTD,U74140MH2003PTC144544,morganstanley.com,https://www.morganstanley.com/people-opportunities/students-graduates,WORKDAY,YES
Deutsche Bank India,DEUTSCHE INDIA PRIVATE LIMITED,U65999MH2003PTC139234,db.com,https://careers.db.com/india/,WORKDAY,YES
Deloitte India,DELOITTE TOUCHE TOHMATSU INDIA LLP,AAA-0098,deloitte.com,https://www2.deloitte.com/in/en/pages/careers/topics/careers.html,WORKDAY,YES
EY India,ERNST AND YOUNG LLP,AAB-4343,ey.com,https://www.ey.com/en_in/careers,WORKDAY,YES
PwC India,PRICEWATERHOUSECOOPERS PRIVATE LIMITED,U74140WB1988PTC044075,pwc.com,https://www.pwc.in/careers.html,WORKDAY,YES
KPMG India,KPMG ASSURANCE AND CONSULTING SERVICES LLP,AAC-5788,kpmg.com,https://www.kpmg.com/in/en/home/careers.html,WORKDAY,YES
McKinsey India,MCKINSEY AND COMPANY INDIA LLP,AAD-4567,mckinsey.com,https://www.mckinsey.com/careers,WORKDAY,YES
BCG India,BOSTON CONSULTING GROUP INDIA PVT LTD,U74140MH2000PTC123456,bcg.com,https://careers.bcg.com,WORKDAY,YES
Bain India,BAIN AND COMPANY INDIA PRIVATE LIMITED,U74140MH2001PTC134567,bain.com,https://www.bain.com/careers/,WORKDAY,YES
Canara Bank,CANARA BANK,---,canarabank.com,https://canarabank.com/User_page.aspx?menuid=5&submenuId=28,CUSTOM,YES
Union Bank,UNION BANK OF INDIA,---,unionbankofindia.com,https://www.unionbankofindia.com/english/recruitment.aspx,CUSTOM,YES
Federal Bank,THE FEDERAL BANK LIMITED,L65191KL1931PLC000368,federalbank.co.in,https://www.federalbank.co.in/career,CUSTOM,YES
RBL Bank,RBL BANK LIMITED,L65191PN1943PLC007308,rblbank.com,https://www.rblbank.com/career,CUSTOM,YES
IDFC First Bank,IDFC FIRST BANK LIMITED,L65110MH2014PLC269248,idfcfirstbank.com,https://www.idfcfirstbank.com/careers,WORKDAY,YES
Bajaj Finance,BAJAJ FINANCE LIMITED,L65910MH1987PLC042961,bajajfinserv.in,https://jobs.bajajfinserv.in,CUSTOM,YES
Shriram Finance,SHRIRAM FINANCE LIMITED,L65191TN1974PLC006739,shriramfinance.in,https://www.shriramfinance.in/careers,CUSTOM,YES
Muthoot Finance,MUTHOOT FINANCE LIMITED,L65910KL1997PLC011300,muthootfinance.com,https://www.muthootfinance.com/careers,CUSTOM,YES
Manappuram Finance,MANAPPURAM FINANCE LIMITED,L65910KL1992PLC006623,manappuram.com,https://www.manappuram.com/careers.html,CUSTOM,YES
LIC India,LIFE INSURANCE CORPORATION OF INDIA,---,licindia.in,https://licindia.in/Home/Recruitment,CUSTOM,YES
New India Assurance,THE NEW INDIA ASSURANCE CO LIMITED,---,newindia.co.in,https://www.newindia.co.in/portal/careers,CUSTOM,YES
United India Insurance,UNITED INDIA INSURANCE CO LIMITED,---,uiic.co.in,https://uiic.co.in/careers,CUSTOM,YES
SBI Life,SBI LIFE INSURANCE COMPANY LIMITED,L99999MH2000PLC129113,sbilife.co.in,https://www.sbilife.co.in/en/careers,CUSTOM,YES
HDFC Life,HDFC LIFE INSURANCE COMPANY LIMITED,L65110MH2000PLC128245,hdfclife.com,https://www.hdfclife.com/about-us/careers,CUSTOM,YES
ICICI Prudential,ICICI PRUDENTIAL LIFE INSURANCE CO LTD,L66010MH2000PLC127837,iciciprulife.com,https://www.iciciprulife.com/about-us/careers.html,CUSTOM,YES
MTNL,MAHANAGAR TELEPHONE NIGAM LIMITED,L32201DL1986GOI023501,mtnl.in,https://www.mtnl.in/en/career,CUSTOM,YES
HUL,HINDUSTAN UNILEVER LIMITED,L15140MH1933PLC002030,hul.co.in,https://www.hul.co.in/careers/,WORKDAY,YES
ITC Limited,ITC LIMITED,L16005WB1910PLC001985,itcportal.com,https://www.itcportal.com/careers/,SUCCESSFACTORS,YES
Nestle India,NESTLE INDIA LIMITED,L15202DL1959PLC003786,nestle.in,https://www.nestle.in/jobs,WORKDAY,YES
Britannia,BRITANNIA INDUSTRIES LIMITED,L15412WB1918PLC002964,britannia.co.in,https://www.britannia.co.in/career.html,CUSTOM,YES
Dabur India,DABUR INDIA LIMITED,L24230DL1975PLC007662,dabur.com,https://www.dabur.com/in/en-us/company/career,SUCCESSFACTORS,YES
Marico,MARICO LIMITED,L15140MH1988PLC049208,marico.com,https://www.marico.com/india/people-careers,SUCCESSFACTORS,YES
Godrej Consumer,GODREJ CONSUMER PRODUCTS LIMITED,L24246MH2000PLC129806,godrejcp.com,https://www.godrejcp.com/careers,WORKDAY,YES
Emami,EMAMI LIMITED,L63993WB1983PLC036030,emamigroup.com,https://www.emamigroup.com/career.php,CUSTOM,YES
Colgate India,COLGATE PALMOLIVE INDIA LIMITED,L24200MH1937PLC002700,colgate.co.in,https://www.colgate.com/en-in/careers,WORKDAY,YES
Procter & Gamble India,PROCTER AND GAMBLE HYGIENE AND HEALTH CARE LTD,L24239MH1964PLC012909,pg.com,https://www.pg.com/en_IN/careers/,WORKDAY,YES
Biocon,BIOCON LIMITED,L85110KA1978PLC003417,biocon.com,https://www.biocon.com/careers/,WORKDAY,YES
Divi's Labs,DIVIS LABORATORIES LIMITED,L24110TG1990PLC011322,divislabs.com,https://www.divislabs.com/careers.aspx,CUSTOM,YES
Alkem Labs,ALKEM LABORATORIES LIMITED,L00305MH1973PLC017090,alkemlabs.com,https://www.alkemlabs.com/careers.php,CUSTOM,YES
Torrent Pharma,TORRENT PHARMACEUTICALS LIMITED,L24230GJ1972PLC002126,torrentpharma.com,https://www.torrentpharma.com/careers,CUSTOM,YES
Apollo Hospitals,APOLLO HOSPITALS ENTERPRISE LIMITED,L85110TN1979PLC008035,apollohospitals.com,https://careers.apollohospitals.com,WORKDAY,YES
Fortis Healthcare,FORTIS HEALTHCARE LIMITED,L85110DL1996PLC076704,fortishealthcare.com,https://www.fortishealthcare.com/careers,CUSTOM,YES
Max Healthcare,MAX HEALTHCARE INSTITUTE LIMITED,L85110DL1999PLC102333,maxhealthcare.in,https://www.maxhealthcare.in/careers,CUSTOM,YES
Narayana Health,NARAYANA HRUDAYALAYA LIMITED,L85110KA2000PLC026823,narayanahealth.org,https://www.narayanahealth.org/careers,CUSTOM,YES
Maruti Suzuki,MARUTI SUZUKI INDIA LIMITED,L34103DL1981PLC011375,marutisuzuki.com,https://www.marutisuzuki.com/corporate/careers,SUCCESSFACTORS,YES
Hyundai India,HYUNDAI MOTOR INDIA LIMITED,U34102TN1996PLC035533,hyundai.com,https://www.hyundai.com/in/en/hyundai-career.html,WORKDAY,YES
TVS Motor,TVS MOTOR COMPANY LIMITED,L35921TN1992PLC022845,tvsmotor.com,https://www.tvsmotor.com/careers.php,CUSTOM,YES
Ashok Leyland,ASHOK LEYLAND LIMITED,L34101TN1948PLC000105,ashokleyland.com,https://www.ashokleyland.com/en/career,SUCCESSFACTORS,YES
JSW Steel,JSW STEEL LIMITED,L27102MH1994PLC152925,jsw.in,https://www.jsw.in/careers,SUCCESSFACTORS,YES
JSPL,JINDAL STEEL AND POWER LIMITED,L27105HR1952PLC049922,jindalsteelpower.com,https://www.jindalsteelpower.com/careers/,CUSTOM,YES
Hindalco,HINDALCO INDUSTRIES LIMITED,L27020MH1958PLC011238,hindalco.com,https://www.hindalco.com/careers,WORKDAY,YES
Vedanta,VEDANTA LIMITED,L13209GJ1965PLC001174,vedantalimited.com,https://www.vedantalimited.com/eng/careers.aspx,WORKDAY,YES
NTPC,NTPC LIMITED,L40101DL1975GOI007966,ntpc.co.in,https://www.ntpc.co.in/en/career,CUSTOM,YES
ONGC,OIL AND NATURAL GAS CORPORATION LIMITED,L74899DL1993GOI054155,ongcindia.com,https://ongcindia.com/web/eng/career,CUSTOM,YES
BHEL,BHARAT HEAVY ELECTRICALS LIMITED,L40101DL1964GOI004281,bhel.com,https://www.bhel.com/career/index.html,CUSTOM,YES
HAL,HINDUSTAN AERONAUTICS LIMITED,L35301KA1940GOI000203,hal-india.co.in,https://hal-india.co.in/Careers/,CUSTOM,YES
DRDO,DEFENCE RESEARCH AND DEVELOPMENT ORGANISATION,---,drdo.gov.in,https://www.drdo.gov.in/recruitment,CUSTOM,YES
ISRO,INDIAN SPACE RESEARCH ORGANISATION,---,isro.gov.in,https://www.isro.gov.in/Careers.html,CUSTOM,YES
BPCL,BHARAT PETROLEUM CORPORATION LIMITED,L23220MH1952GOI008931,bharatpetroleum.com,https://www.bharatpetroleum.com/Careers.aspx,CUSTOM,YES
HPCL,HINDUSTAN PETROLEUM CORPORATION LIMITED,L23201MH1952GOI008858,hindustanpetroleum.com,https://www.hindustanpetroleum.com/career,CUSTOM,YES
IOC,INDIAN OIL CORPORATION LIMITED,L23201DL1959GOI003284,iocl.com,https://www.iocl.com/careers,CUSTOM,YES
Adani Enterprises,ADANI ENTERPRISES LIMITED,L51100GJ1993PLC019067,adani.com,https://careers.adani.com,SUCCESSFACTORS,YES
Adani Green,ADANI GREEN ENERGY LIMITED,L40100GJ2015PLC082833,adanigreenenergy.com,https://careers.adani.com,SUCCESSFACTORS,YES
Torrent Power,TORRENT POWER LIMITED,L31200GJ2004PLC044068,torrentpower.com,https://www.torrentpower.com/career/,CUSTOM,YES
Tata Power,THE TATA POWER COMPANY LIMITED,L28920MH1919PLC000567,tatapower.com,https://www.tatapower.com/careers/,SUCCESSFACTORS,YES
D-Mart,AVENUE SUPERMARTS LIMITED,L51900MH2000PLC126473,dmartindia.com,https://www.dmartindia.com/career,CUSTOM,YES
Reliance Retail,RELIANCE RETAIL LIMITED,U51909MH1999PLC120563,relianceretail.com,https://careers.ril.com,WORKDAY,YES
Shoppers Stop,SHOPPERS STOP LIMITED,L52100MH1997PLC108798,shoppersstop.com,https://www.shoppersstop.com/careers,CUSTOM,YES
Titan Company,TITAN COMPANY LIMITED,L74999TN1984PLC010444,titancompany.in,https://www.titancompany.in/careers,SUCCESSFACTORS,YES
Tanishq,TITAN COMPANY LIMITED,L74999TN1984PLC010445,tanishq.co.in,https://www.titancompany.in/careers,SUCCESSFACTORS,YES
Lifestyle,LIFESTYLE INTERNATIONAL PRIVATE LIMITED,U52100TN1998PTC040064,lifestylestores.com,https://www.lifestylestores.com/in/en/career,CUSTOM,YES
Future Retail,FUTURE RETAIL LIMITED,L51909WB1987PLC042897,futureretail.in,https://www.futureretail.in/careers.html,CUSTOM,YES
Aditya Birla Fashion,ADITYA BIRLA FASHION AND RETAIL LIMITED,L18101MH1988PLC047806,abfrl.com,https://www.abfrl.com/careers/,WORKDAY,YES
DLF,DLF LIMITED,L70101HR1963PLC002484,dlf.in,https://www.dlf.in/careers.aspx,CUSTOM,YES
Godrej Properties,GODREJ PROPERTIES LIMITED,L45200MH1985PLC035308,godrejproperties.com,https://www.godrejproperties.com/careers,WORKDAY,YES
Prestige Group,PRESTIGE ESTATES PROJECTS LIMITED,L07010KA1997PLC022319,prestigeconstructions.com,https://www.prestigeconstructions.com/career-landing,CUSTOM,YES
Lodha Group,MACROTECH DEVELOPERS LIMITED,L45200MH1995PLC093041,lodhagroup.com,https://www.lodhagroup.com/careers,WORKDAY,YES
Brigade Group,BRIGADE ENTERPRISES LIMITED,L85110KA1995PLC019126,brigadegroup.com,https://www.brigadegroup.com/careers,CUSTOM,YES
Sobha Developers,SOBHA LIMITED,L45201KA1995PLC018475,sobha.com,https://www.sobha.com/careers,CUSTOM,YES
Zee Entertainment,ZEE ENTERTAINMENT ENTERPRISES LIMITED,L92132MH1982PLC028767,zeeentertainment.com,https://www.zeeentertainment.com/pages/careers,CUSTOM,YES
Sony India,SONY INDIA PRIVATE LIMITED,U32300DL1994PTC057601,sony.co.in,https://www.sony.co.in/en/careers,WORKDAY,YES
Star India,STAR INDIA PRIVATE LIMITED,U92141MH1993PTC071792,startv.com,https://www.hotstar.com/in/about/careers,WORKDAY,YES
Sun TV,SUN TV NETWORK LIMITED,L92100TN1985PLC012793,suntv.com,https://www.suntv.com/careers,CUSTOM,YES
Times of India,BENNETT COLEMAN AND CO LIMITED,U22120MH1913PLC000728,timesinternet.in,https://careers.timesinternet.in,CUSTOM,YES
HT Media,HT MEDIA LIMITED,L22121DL2002PLC117874,htmedia.in,https://www.htmedia.in/careers/,CUSTOM,YES
IndiGo,INTERGLOBE AVIATION LIMITED,L62100DL2004PLC129768,goindigo.in,https://careers.goindigo.in,WORKDAY,YES
Air India,AIR INDIA LIMITED,U62200DL1953GOI001413,airindia.com,https://www.airindia.com/in/en/footer/careers.html,WORKDAY,YES
SpiceJet,SPICEJET LIMITED,L62200DL1984PLC019060,spicejet.com,https://careers.spicejet.com,CUSTOM,YES
Vistara,TATA SIA AIRLINES LIMITED,U62200HR2013PLC048118,airvistara.com,https://www.airvistara.com/in/en/fly-vistara/career,WORKDAY,YES
AkasaAir,SNV AVIATION PRIVATE LIMITED,U35302MH2021PTC357110,akasaair.com,https://careers.akasaair.com,WORKDAY,YES
Taj Hotels,INDIAN HOTELS COMPANY LIMITED,L74999MH1902PLC000183,ihcltata.com,https://careers.ihcltata.com,WORKDAY,YES
OYO,ORAVEL STAYS PRIVATE LIMITED,U74999DL2012PTC248165,oyorooms.com,https://www.oyorooms.com/about/careers,LEVER,YES
Lemon Tree Hotels,LEMON TREE HOTELS LIMITED,L74899DL1992PLC049022,lemontreehotels.com,https://www.lemontreehotels.com/en/careers,CUSTOM,YES
MakeMyTrip,MAKEMYTRIP INDIA PRIVATE LIMITED,U63040DL2000PTC104918,makemytrip.com,https://careers.makemytrip.com,CUSTOM,YES
Yatra,YATRA ONLINE LIMITED,U63040MH2006PLC165728,yatra.com,https://www.yatra.com/corporate/careers,CUSTOM,YES
Blue Dart,BLUE DART EXPRESS LIMITED,L61074MH1983PLC030518,bluedart.com,https://www.bluedart.com/web/guest/careersoverview,WORKDAY,YES
DTDC,DTDC EXPRESS LIMITED,U64200KA1990PLC011470,dtdc.com,https://www.dtdc.com/career.asp,CUSTOM,YES
DHL India,DHL EXPRESS INDIA PRIVATE LIMITED,U63000MH1979PTC021226,dhl.com,https://careers.dhl.com/site/global/home/index.page,SUCCESSFACTORS,YES
FedEx India,FEDEX EXPRESS TRANSPORTATION AND SUPPLY CHAIN SERVICES INDIA PVT LTD,U63090TN2001PTC047793,fedex.com,https://careers.fedex.com/fedex,WORKDAY,YES
Gati,GATI LIMITED,L63010TG1995PLC020121,gati.com,https://www.gati.com/career.php,CUSTOM,YES
TCI Express,TCI EXPRESS LIMITED,L63090GJ1987PLC009790,tciexpress.in,https://www.tciexpress.in/career.html,CUSTOM,YES
Amazon Web Services India,AMAZON WEB SERVICES INDIA PRIVATE LIMITED,U72900KA2011PTC061461,aws.amazon.com,https://www.amazon.jobs/en/search?country%5B%5D=IN&business_category%5B%5D=amazon-web-services,WORKDAY,YES
Meta India,META PLATFORMS INDIA PRIVATE LIMITED,U72900DL2014PTC271598,meta.com,https://www.metacareers.com/locations/India/,WORKDAY,YES
Apple India,APPLE INDIA PRIVATE LIMITED,U32109KA1997PTC022290,apple.com,https://jobs.apple.com/en-in/search?location=india-IND,WORKDAY,YES
Netflix India,NETFLIX INDIA,U74999MH2019FTC321954,netflix.com,https://jobs.netflix.com/search?location=India,WORKDAY,YES
Twitter/X India,TWITTER COMMUNICATIONS INDIA PRIVATE LIMITED,U74120MH2011FTC214202,twitter.com,https://careers.twitter.com,WORKDAY,YES
Uber India,UBER INDIA SYSTEMS PRIVATE LIMITED,U74120KA2013FTC072684,uber.com,https://www.uber.com/in/en/careers/,WORKDAY,YES
Airbnb India,AIRBNB INDIA PRIVATE LIMITED,U74999MH2016FTC282384,airbnb.co.in,https://careers.airbnb.com,GREENHOUSE,YES
Spotify India,SPOTIFY INDIA LLP,AAL-0325,spotify.com,https://www.lifeatspotify.com/jobs,GREENHOUSE,YES
Atlassian India,ATLASSIAN NETWORK SERVICES INDIA PVT LTD,U72900KA2015PTC083041,atlassian.com,https://www.atlassian.com/company/careers,GREENHOUSE,YES
Twilio India,TWILIO INDIA PRIVATE LIMITED,U72900KA2018FTC109867,twilio.com,https://www.twilio.com/en-us/company/jobs,GREENHOUSE,YES
Stripe India,STRIPE PAYMENTS INDIA PRIVATE LIMITED,U65191KA2017PTC107290,stripe.com,https://stripe.com/jobs/search?location=india,GREENHOUSE,YES
GitHub India,GITHUB INDIA PRIVATE LIMITED,U72900KA2012PTC063519,github.com,https://www.github.careers,WORKDAY,YES
LinkedIn India,LINKEDIN INDIA PRIVATE LIMITED,U74140MH2009PTC196987,linkedin.com,https://careers.linkedin.com/,WORKDAY,YES
Zoom India,ZOOM VIDEO COMMUNICATIONS INDIA PVT LTD,U72900MH2019FTC328042,zoom.us,https://careers.zoom.us,WORKDAY,YES
Slack India,SLACK TECHNOLOGIES INDIA PRIVATE LIMITED,U72900KA2014PTC076523,slack.com,https://slack.com/intl/en-in/careers,WORKDAY,YES
Dropbox India,DROPBOX INDIA PRIVATE LIMITED,U72900KA2014FTC076100,dropbox.com,https://jobs.dropbox.com/teams/india,GREENHOUSE,YES
HubSpot India,HUBSPOT INDIA PRIVATE LIMITED,U72900KA2016PTC093400,hubspot.com,https://www.hubspot.com/jobs,GREENHOUSE,YES
Zendesk India,ZENDESK INDIA PRIVATE LIMITED,U72900KA2010FTC057230,zendesk.com,https://jobs.zendesk.com,WORKDAY,YES
ServiceNow India,SERVICENOW INDIA PRIVATE LIMITED,U72900KA2013PTC070851,servicenow.com,https://careers.servicenow.com,WORKDAY,YES
Workday India,WORKDAY SOFTWARE INDIA PRIVATE LIMITED,U72900KA2012PTC062400,workday.com,https://www.workday.com/en-us/company/careers/open-positions.html,WORKDAY,YES
Splunk India,SPLUNK INDIA PRIVATE LIMITED,U72900KA2013PTC073198,splunk.com,https://www.splunk.com/en_us/careers.html,WORKDAY,YES
Palo Alto Networks India,PALO ALTO NETWORKS INDIA PVT LTD,U72900KA2013FTC071200,paloaltonetworks.com,https://jobs.paloaltonetworks.com/en/jobs/?location=India,WORKDAY,YES
CrowdStrike India,CROWDSTRIKE INDIA PRIVATE LIMITED,U72900KA2020PTC131000,crowdstrike.com,https://careers.crowdstrike.com/india,WORKDAY,YES
Fortinet India,FORTINET INDIA PRIVATE LIMITED,U72900KA2008PTC048000,fortinet.com,https://www.fortinet.com/corporate/careers,WORKDAY,YES
VMware India,VMWARE SOFTWARE INDIA PRIVATE LIMITED,U72200KA2003PTC032000,vmware.com,https://careers.vmware.com/india,WORKDAY,YES
Red Hat India,RED HAT INDIA PRIVATE LIMITED,U72900MH2004PTC147000,redhat.com,https://www.redhat.com/en/jobs,WORKDAY,YES
Nutanix India,NUTANIX TECHNOLOGIES INDIA PVT LTD,U72900KA2014PTC078000,nutanix.com,https://jobs.jobvite.com/nutanix/jobs,GREENHOUSE,YES
Elastic India,ELASTIC INFO PRIVATE LIMITED,U72900KA2016PTC095000,elastic.co,https://www.elastic.co/about/careers,GREENHOUSE,YES
MongoDB India,MONGODB INDIA PRIVATE LIMITED,U72900KA2016PTC096000,mongodb.com,https://www.mongodb.com/careers,GREENHOUSE,YES
Databricks India,DATABRICKS INDIA PRIVATE LIMITED,U72900KA2018PTC115000,databricks.com,https://www.databricks.com/company/careers/open-positions,GREENHOUSE,YES
Snowflake India,SNOWFLAKE INDIA PRIVATE LIMITED,U72900KA2020PTC130000,snowflake.com,https://careers.snowflake.com,WORKDAY,YES
HashiCorp India,HASHICORP INDIA PRIVATE LIMITED,U72900KA2018PTC118000,hashicorp.com,https://www.hashicorp.com/jobs,GREENHOUSE,YES
Datadog India,DATADOG INDIA PRIVATE LIMITED,U72900MH2016PTC283000,datadoghq.com,https://careers.datadoghq.com/india,GREENHOUSE,YES
New Relic India,NEW RELIC INDIA PRIVATE LIMITED,U72900KA2015PTC082000,newrelic.com,https://newrelic.com/about/careers,WORKDAY,YES
PagerDuty India,PAGERDUTY INDIA PRIVATE LIMITED,U72900KA2017PTC106000,pagerduty.com,https://www.pagerduty.com/careers/,GREENHOUSE,YES
Okta India,OKTA INDIA PRIVATE LIMITED,U72900KA2017PTC107000,okta.com,https://www.okta.com/company/careers/,GREENHOUSE,YES
DocuSign India,DOCUSIGN INDIA PRIVATE LIMITED,U72900KA2016PTC094000,docusign.com,https://careers.docusign.com,WORKDAY,YES
Box India,BOX INDIA PRIVATE LIMITED,U72900KA2015PTC081000,box.com,https://www.box.com/careers,WORKDAY,YES
Autodesk India,AUTODESK INDIA PRIVATE LIMITED,U72900MH2003FTC141000,autodesk.com,https://www.autodesk.com/careers/home,WORKDAY,YES
Ansys India,ANSYS SOFTWARE PRIVATE LIMITED,U72200KA2012PTC063000,ansys.com,https://www.ansys.com/careers,WORKDAY,YES
Siemens India,SIEMENS LIMITED,L31100MH1957PLC010839,siemens.co.in,https://jobs.siemens.com/careers?search=india,WORKDAY,YES
Bosch India,ROBERT BOSCH INDIA LIMITED,L85110KA1951PLC000761,bosch.in,https://www.bosch.in/careers/,SUCCESSFACTORS,YES
ABB India,ABB INDIA LIMITED,L32202KA1949PLC032923,abb.com,https://careers.abb/global/en/jobs,SUCCESSFACTORS,YES
Honeywell India,HONEYWELL AUTOMATION INDIA LIMITED,L29129MH1984PLC033490,honeywell.com,https://careers.honeywell.com/us/en/india-jobs,WORKDAY,YES
3M India,3M INDIA LIMITED,L31300KA1987PLC013543,3mindia.com,https://www.3m.com/3M/en_US/careers,WORKDAY,YES
Emerson India,EMERSON ELECTRIC COMPANY INDIA PVT LTD,U31909MH1964PTC013000,emerson.com,https://www.emerson.com/en-us/careers,WORKDAY,YES
Schneider Electric India,SCHNEIDER ELECTRIC INDIA PRIVATE LIMITED,U31900DL2001PTC111610,se.com,https://www.se.com/in/en/about-us/careers/overview.jsp,SUCCESSFACTORS,YES
Eaton India,EATON TECHNOLOGIES PRIVATE LIMITED,U32104MH1996PTC100000,eaton.com,https://www.eaton.com/us/en-us/company/careers.html,WORKDAY,YES
Rockwell Automation India,ROCKWELL AUTOMATION INDIA PRIVATE LIMITED,U35994MH1992PTC067000,rockwellautomation.com,https://www.rockwellautomation.com/en-us/company/careers.html,WORKDAY,YES
Cummins India,CUMMINS INDIA LIMITED,L29112PN1962PLC012163,cummins.com,https://careers.cummins.com/search/?q=india,WORKDAY,YES
GE India,GE INDIA INDUSTRIAL PRIVATE LIMITED,U40109MH2001PTC134000,ge.com,https://jobs.gecareers.com/global/en/india,WORKDAY,YES
Johnson Controls India,JOHNSON CONTROLS INDIA PVT LTD,U31900MH2008FTC181000,johnsoncontrols.com,https://jobs.johnsoncontrols.com/india,WORKDAY,YES
Caterpillar India,CATERPILLAR INDIA PRIVATE LIMITED,U29253TN2004PTC053000,caterpillar.com,https://careers.caterpillar.com,WORKDAY,YES
Volvo India,VOLVO INDIA PRIVATE LIMITED,U34100KA1998PTC024000,volvo.com,https://jobs.volvogroup.com/jobs?region=Asia%20%26%20Pacific&country=IN,SUCCESSFACTORS,YES
Ford India,FORD INDIA PRIVATE LIMITED,U34100TN1995PTC031000,ford.com,https://corporate.ford.com/careers/jobs.html,WORKDAY,YES
BMW India,BMW INDIA PRIVATE LIMITED,U34101DL2007FTC163000,bmw.in,https://www.bmwgroup.com/en/careers.html,SUCCESSFACTORS,YES
Mercedes-Benz India,MERCEDES-BENZ INDIA PRIVATE LIMITED,U34101MH1994FTC077000,mercedes-benz.co.in,https://group.mercedes-benz.com/careers/,SUCCESSFACTORS,YES
Toyota India,TOYOTA KIRLOSKAR MOTOR PRIVATE LIMITED,U34100KA1997PTC022332,toyotabharat.com,https://www.toyota.co.jp/en/jobs/,SUCCESSFACTORS,YES
Kia India,KIA INDIA PRIVATE LIMITED,U34100AP2017PTC105000,kia.com,https://www.kia.com/in/company/about-kia/careers.html,WORKDAY,YES
Johnson & Johnson India,JOHNSON AND JOHNSON PRIVATE LIMITED,U24231MH1957PTC010921,jnj.com,https://jobs.jnj.com/jobs?location=India,WORKDAY,YES
Pfizer India,PFIZER LIMITED,L24231MH1950PLC008311,pfizerindia.com,https://www.pfizer.co.in/content/about-pfizer/careers,WORKDAY,YES
Abbott India,ABBOTT INDIA LIMITED,L24231MH1944PLC007462,abbott.com,https://www.abbott.com/careers.html,WORKDAY,YES
Novartis India,NOVARTIS INDIA LIMITED,L24230MH1947PLC005232,novartis.com,https://www.novartis.com/careers,WORKDAY,YES
Roche India,ROCHE PRODUCTS INDIA PRIVATE LIMITED,U24230MH1956PTC010000,roche.com,https://www.roche.com/careers,SUCCESSFACTORS,YES
AstraZeneca India,ASTRAZENECA PHARMA INDIA LIMITED,L24231KA1979PLC003563,astrazeneca.in,https://careers.astrazeneca.com/india,WORKDAY,YES
Sanofi India,SANOFI INDIA LIMITED,L24230GJ1956PLC001167,sanofi.co.in,https://www.sanofi.com/en/careers,SUCCESSFACTORS,YES
GSK India,GLAXOSMITHKLINE PHARMACEUTICALS LIMITED,L24231MH1924PLC001349,gsk.com,https://www.gsk.com/en-gb/careers/,WORKDAY,YES
Merck India,MERCK LIFE SCIENCE PRIVATE LIMITED,U24230MH1967PTC013803,merckgroup.com,https://www.merckgroup.com/en/careers.html,SUCCESSFACTORS,YES
Unilever India (HUL R&D),HINDUSTAN UNILEVER LIMITED,L15140MH1933PLC002031,unilever.com,https://careers.unilever.com/india,WORKDAY,YES
P&G India,PROCTER AND GAMBLE HOME PRODUCTS LIMITED,L24239MH1964PLC012908,pg.com/india,https://www.pg.com/en_IN/careers/,WORKDAY,YES
Mondelez India,MONDELEZ INDIA FOODS PRIVATE LIMITED,U15200MH1948PTC006543,mondelezinternational.com,https://careers.mondelezinternational.com/india,WORKDAY,YES
PepsiCo India,PEPSICO INDIA HOLDINGS PRIVATE LIMITED,U15122DL1989PTC034828,pepsicoindia.com,https://www.pepsicojobs.com/main/india,WORKDAY,YES
Coca-Cola India,HINDUSTAN COCA-COLA BEVERAGES PVT LTD,U74899DL1992PTC048406,coca-colaindia.com,https://www.coca-colacompany.com/careers,WORKDAY,YES
Kellogg India,KELLOGG INDIA PRIVATE LIMITED,U15209MH1994PTC080000,kelloggs.co.in,https://jobs.kelloggs.com/india,WORKDAY,YES
Mars India,MARS INTERNATIONAL INDIA PVT LTD,U15100MH1991FTC063000,mars.com,https://www.mars.com/careers,WORKDAY,YES
Citibank India,CITIBANK N.A.,---,citigroup.com,https://jobs.citi.com/search-jobs/India,WORKDAY,YES
HSBC India,HSBC SOFTWARE DEVELOPMENT INDIA PVT LTD,U72900MH2002PTC136000,hsbc.co.in,https://mycareer.hsbc.com/en_GB/ext/india,WORKDAY,YES
Standard Chartered India,STANDARD CHARTERED BANK,---,sc.com,https://scb.taleo.net/careersection/jobsearch,TALEO,YES
Barclays India,BARCLAYS GLOBAL SERVICE CENTRE PVT LTD,U74140MH2007PTC174000,barclays.com,https://search.jobs.barclays/india,WORKDAY,YES
BNP Paribas India,BNP PARIBAS FINANCIAL SERVICES INDIA PVT LTD,U65191MH2005PTC156000,bnpparibas.com,https://group.bnpparibas/en/careers,SUCCESSFACTORS,YES
Wells Fargo India,WELLS FARGO INDIA SOLUTIONS PRIVATE LIMITED,U74140KA2009PTC052000,wellsfargo.com,https://www.wellsfargojobs.com/en/jobs/?location=India,WORKDAY,YES
Fidelity India,FIDELITY BUSINESS SERVICES INDIA PVT LTD,U74140KA2004PTC034000,fidelity.com,https://jobs.fidelity.com/search-jobs/india,WORKDAY,YES
BlackRock India,BLACKROCK INDIA PRIVATE LIMITED,U67100MH2011PTC214000,blackrock.com,https://careers.blackrock.com/global/en/india,WORKDAY,YES
Visa India,VISA WORLDWIDE INDIA PRIVATE LIMITED,U74120MH2003FTC143000,visa.com,https://usa.visa.com/about-visa/careers.html,WORKDAY,YES
Mastercard India,MASTERCARD INDIA SERVICES PRIVATE LIMITED,U74120MH2004FTC150000,mastercard.co.in,https://careers.mastercard.com/us/en/india-jobs,WORKDAY,YES
American Express India,AMERICAN EXPRESS BANKING CORP,---,americanexpress.com,https://jobs.americanexpress.com/jobs?location=India,WORKDAY,YES
EXL Service India,EXL SERVICE PVT LTD,U74140DL2002PTC116800,exlservice.com,https://www.exlservice.com/careers,WORKDAY,YES
WNS Global Services,WNS GLOBAL SERVICES PRIVATE LIMITED,U74140MH1996PTC101686,wns.com,https://www.wns.com/careers,WORKDAY,YES
Genpact India,GENPACT INDIA PRIVATE LIMITED,U72200DL2005PTC138822,genpact.com,https://www.genpact.com/careers,WORKDAY,YES
Concentrix India,CONCENTRIX DAKSH SERVICES INDIA PVT LTD,U74140DL2001PTC113221,concentrix.com,https://jobs.concentrix.com/india,WORKDAY,YES
Teleperformance India,TELEPERFORMANCE GLOBAL SERVICES PVT LTD,U74140MH2004PTC149000,teleperformance.com,https://jobs.teleperformance.com/india,WORKDAY,YES
Conduent India,CONDUENT BUSINESS SERVICES INDIA LLP,AAJ-7623,conduent.com,https://jobs.conduent.com/india,WORKDAY,YES
Infosys BPM,INFOSYS BPM LIMITED,U72200KA2002PLC030310,infosysbpm.com,https://www.infosysbpm.com/careers.html,WORKDAY,YES
Sutherland India,SUTHERLAND GLOBAL SERVICES PRIVATE LIMITED,U74140MH1994PTC082000,sutherlandglobal.com,https://www.sutherlandglobal.com/careers,WORKDAY,YES
EY GDS India,ERNST AND YOUNG GLOBAL DELIVERY SERVICES,U74999KA2015PTC082500,ey.com/gds,https://www.ey.com/en_in/careers,WORKDAY,YES
Deloitte USI,DELOITTE CONSULTING INDIA PVT LTD,U74140MH2004PTC143000,deloitte.com/usi,https://www2.deloitte.com/in/en/pages/careers/topics/careers.html,WORKDAY,YES
PwC India (Advisory),PRICEWATERHOUSECOOPERS SERVICES LLP,AAG-8012,pwc.in,https://www.pwc.in/careers.html,WORKDAY,YES
Atos India,ATOS INDIA PRIVATE LIMITED,U72200MH2001PTC130000,atos.net,https://atos.net/en/careers,WORKDAY,YES
DXC Technology India,DXC TECHNOLOGY INDIA PRIVATE LIMITED,U72200KA2001PTC028000,dxc.com,https://careers.dxc.com/global/en/india,WORKDAY,YES
NTT Data India,NTT DATA INFORMATION TECHNOLOGY INDIA PVT LTD,U72200KA2007FTC044000,nttdata.com,https://www.nttdata.com/global/en/careers,WORKDAY,YES
Fujitsu India,FUJITSU CONSULTING INDIA PRIVATE LIMITED,U72200DL1997PTC086000,fujitsu.com,https://careers.fujitsu.com/india,WORKDAY,YES
Hitachi India,HITACHI SYSTEMS MICRO CLINIC INDIA PVT LTD,U72200DL2000PTC106000,hitachi.com,https://www.hitachivantara.com/en-us/company/jobs.html,WORKDAY,YES
Panasonic India,PANASONIC LIFE SOLUTIONS INDIA PVT LTD,U31900MH1972FTC016323,panasonic.com,https://careers.panasonic.com/india,SUCCESSFACTORS,YES
LG Electronics India,LG ELECTRONICS INDIA PRIVATE LIMITED,U32109DL1997FTC085389,lg.com,https://www.lg.com/in/careers,SUCCESSFACTORS,YES
Samsung India,SAMSUNG INDIA ELECTRONICS PRIVATE LIMITED,U32109DL1995FTC070712,samsung.com/in,https://www.samsung.com/in/aboutsamsung/samsungelectronics/india/careers/,WORKDAY,YES
Xiaomi India,XIAOMI TECHNOLOGY INDIA PRIVATE LIMITED,U72900KA2015PTC083809,mi.com/in,https://www.mi.com/in/careers,WORKDAY,YES
Realme India,REALME MOBILE TELECOMMUNICATIONS PVT LTD,U74999KA2019FTC121000,realme.com/in,https://careers.realme.com/in,WORKDAY,YES
OnePlus India,ONEPLUS TECHNOLOGY INDIA PRIVATE LIMITED,U74999KA2017FTC107000,oneplus.in,https://careers.oneplus.com/india,WORKDAY,YES
Oppo India,OPPO MOBILES INDIA PRIVATE LIMITED,U32109DL2014FTC268000,oppo.com/in,https://www.oppo.com/en/careers/,WORKDAY,YES
Vivo India,VIVO MOBILE INDIA PRIVATE LIMITED,U32109DL2014FTC268300,vivo.com/in,https://www.vivo.com/en/careers/,WORKDAY,YES
GitLab,GITLAB INDIA PRIVATE LIMITED,U72900KA2019PTC124786,gitlab.com,https://boards.greenhouse.io/gitlab,GREENHOUSE,YES
Rubrik,RUBRIK INDIA PRIVATE LIMITED,U72900KA2019PTC124787,rubrik.com,https://boards.greenhouse.io/rubrik,GREENHOUSE,YES
Druva,DRUVA TECHNOLOGIES INDIA PVT LTD,U72900KA2012PTC063000,druva.com,https://boards.greenhouse.io/druva,GREENHOUSE,YES
Samsara,SAMSARA NETWORKS INDIA PRIVATE LIMITED,U72900KA2020PTC132000,samsara.com,https://boards.greenhouse.io/samsara,GREENHOUSE,YES
Mixpanel,MIXPANEL INDIA PRIVATE LIMITED,U72900KA2015PTC083000,mixpanel.com,https://boards.greenhouse.io/mixpanel,GREENHOUSE,YES
Braze,BRAZE INDIA PRIVATE LIMITED,U72900MH2017PTC295000,braze.com,https://boards.greenhouse.io/braze,GREENHOUSE,YES
Klaviyo,KLAVIYO INDIA PRIVATE LIMITED,U72900MH2021PTC357000,klaviyo.com,https://boards.greenhouse.io/klaviyo,GREENHOUSE,YES
Figma,FIGMA INDIA PRIVATE LIMITED,U72900KA2018PTC116000,figma.com,https://boards.greenhouse.io/figma,GREENHOUSE,YES
Amplitude,AMPLITUDE ANALYTICS INDIA PVT LTD,U72900KA2018PTC117000,amplitude.com,https://boards.greenhouse.io/amplitude,GREENHOUSE,YES
Gusto,GUSTO INDIA PRIVATE LIMITED,U72900KA2020PTC133000,gusto.com,https://boards.greenhouse.io/gusto,GREENHOUSE,YES
Salesloft,SALESLOFT INDIA PRIVATE LIMITED,U72900KA2019PTC126000,salesloft.com,https://boards.greenhouse.io/salesloft,GREENHOUSE,YES
Gong,GONG INDIA PRIVATE LIMITED,U72900KA2020PTC134000,gong.io,https://careers.smartrecruiters.com/Gong,SMARTRECRUITERS,YES
Brex,BREX INDIA PRIVATE LIMITED,U72900KA2019PTC127000,brex.com,https://boards.greenhouse.io/brex,GREENHOUSE,YES
Vercel,VERCEL INDIA PRIVATE LIMITED,U72900KA2020PTC135000,vercel.com,https://boards.greenhouse.io/vercel,GREENHOUSE,YES
LaunchDarkly,LAUNCHDARKLY INDIA PRIVATE LIMITED,U72900KA2017PTC108000,launchdarkly.com,https://boards.greenhouse.io/launchdarkly,GREENHOUSE,YES
Algolia,ALGOLIA INDIA PRIVATE LIMITED,U72900KA2016PTC097000,algolia.com,https://boards.greenhouse.io/algolia,GREENHOUSE,YES
Contentful,CONTENTFUL INDIA PRIVATE LIMITED,U72900KA2016PTC098000,contentful.com,https://boards.greenhouse.io/contentful,GREENHOUSE,YES
6sense,6SENSE INSIGHTS INDIA PVT LTD,U72900KA2019PTC128000,6sense.com,https://boards.greenhouse.io/6sense,GREENHOUSE,YES
Vonage,VONAGE INDIA PRIVATE LIMITED,U72900KA2015PTC084000,vonage.com,https://boards.greenhouse.io/vonage,GREENHOUSE,YES
Bandwidth,BANDWIDTH INDIA PRIVATE LIMITED,U72900KA2016PTC099100,bandwidth.com,https://boards.greenhouse.io/bandwidth,GREENHOUSE,YES
Sendbird,SENDBIRD INDIA PRIVATE LIMITED,U72900KA2018PTC119000,sendbird.com,https://boards.greenhouse.io/sendbird,GREENHOUSE,YES
